year,event,plain_language,source_page
2000,Tanzania Development Vision 2025 launched,"Long-term national development goals set, including health.",18
2010,Kangaroo Mother Care scaled nationally,A low-cost method to keep small babies warm rolled out and added to district budgets.,3
2015,Study data begins / SDGs adopted,The analysis window opens; global Sustainable Development Goals set the under-12 newborn-death target for 2030.,5
2020,One Plan III (2020-2025) launched,"National roadmap to cut maternal, newborn and child deaths.",18
2021,NEST360 data collection begins,"Detailed newborn inpatient data (NID) starts at implementing hospitals, enabling cross-checks.",6
2022,2022/23 DHS survey run,"National survey measures newborn death rate at 24 per 1,000.",2
2024,Study data ends,"Ten-year analysis window closes; DHIS2 adjusted rate is 5.9 per 1,000.",5
2025,Possible DHS funding cuts flagged,Reduced survey funding after 2025 makes routine system data even more important.,16
2030,SDG 3.2 target date,"Global goal: fewer than 12 newborn deaths per 1,000 live births.",2
